ID,animal,paragraph
OBS001,dogs,Dogs come in a wide range of sizes and breeds. They are known for their loyalty and companionship. Are they more vocal when they're hungry or excited? Dogs often require daily walks and mental stimulation. Training is important for dogs to live harmoniously with humans.
OBS002,dogs,They are known for their loyalty and companionship. How sensitive are they to environmental changes? Many families around the world keep them as pets. Training is important for dogs to live harmoniously with humans. Dogs come in a wide range of sizes and breeds.
OBS003,dogs,They are known for their loyalty and companionship. What kind of enrichment helps them feel more secure? Dogs come in a wide range of sizes and breeds. Training is important for dogs to live harmoniously with humans. Many families around the world keep them as pets.
OBS004,dogs,Many families around the world keep them as pets. Dogs often require daily walks and mental stimulation. How do they show signs of trust toward their caregivers? Training is important for dogs to live harmoniously with humans. They are known for their loyalty and companionship.
OBS005,dogs,Many families around the world keep them as pets. What do they typically do when they feel threatened? Training is important for dogs to live harmoniously with humans. Dogs come in a wide range of sizes and breeds. Dogs often require daily walks and mental stimulation.
OBS006,cats,Many people adore them for their mysterious behavior. Cats are independent creatures who love their space. Are sudden noises always startling to them? Their purring can be quite soothing to humans. They communicate subtly through body language.
OBS007,cats,Many people adore them for their mysterious behavior. Why do they sometimes follow people around? They communicate subtly through body language. Their purring can be quite soothing to humans. They often nap for long hours during the day.
OBS008,cats,Many people adore them for their mysterious behavior. Why might they pace in new environments? Their purring can be quite soothing to humans. Cats are independent creatures who love their space. They communicate subtly through body language.
OBS009,cats,Their purring can be quite soothing to humans. Cats are independent creatures who love their space. They often nap for long hours during the day. Is pacing a sign of anticipation or anxiety? They communicate subtly through body language.
OBS010,cats,They often nap for long hours during the day. They communicate subtly through body language. Cats are independent creatures who love their space. Do they show preference for certain people over others? Their purring can be quite soothing to humans.
OBS011,monkeys,They communicate through vocalizations and gestures. They use tools and learn from one another. They live in social groups with hierarchies. What might cause them to vocalize more at night? Monkeys are playful and curious by nature.
OBS012,monkeys,"Monkeys live in forests, mountains, and savannahs. They communicate through vocalizations and gestures. Monkeys are playful and curious by nature. Why might they isolate themselves at times? They use tools and learn from one another."
OBS013,monkeys,"Monkeys live in forests, mountains, and savannahs. They communicate through vocalizations and gestures. They live in social groups with hierarchies. Why do they often repeat that behavior in the mornings? They use tools and learn from one another."
OBS014,monkeys,Monkeys are playful and curious by nature. Are they expressing contentment when they stretch like that? They live in social groups with hierarchies. They use tools and learn from one another. They communicate through vocalizations and gestures.
OBS015,monkeys,"They live in social groups with hierarchies. Monkeys live in forests, mountains, and savannahs. Can their posture indicate interest or boredom? They use tools and learn from one another. They communicate through vocalizations and gestures."
OBS016,horses,"They are known for their strength and grace. Many are used for riding, sports, and therapy. Why do they retreat when approached suddenly? Horses have been companions to humans for centuries. They often form strong bonds with their caretakers."
OBS017,horses,"They often form strong bonds with their caretakers. Horses have been companions to humans for centuries. Do they rely on routine to feel stable? Horses need regular grooming and exercise. Many are used for riding, sports, and therapy."
OBS018,horses,They are known for their strength and grace. Horses have been companions to humans for centuries. Are they influenced by others in their group? Horses need regular grooming and exercise. They often form strong bonds with their caretakers.
OBS019,horses,They are known for their strength and grace. Horses have been companions to humans for centuries. Horses need regular grooming and exercise. Do they bond more easily with certain species? They often form strong bonds with their caretakers.
OBS020,horses,"Many are used for riding, sports, and therapy. Are they more active when alone or in groups? They often form strong bonds with their caretakers. They are known for their strength and grace. Horses have been companions to humans for centuries."
